[
    {
        "code": "us-east-1",
        "area": "US East",
        "name": "N. Virginia",
        "latitude": 38.13,
        "longitude": -78.45
    },
    {
        "code": "us-east-2",
        "area": "US East",
        "name": "Ohio",
        "latitude": 39.96,
        "longitude": -83
    },
    {
        "code": "us-west-1",
        "area": "US West",
        "name": "California",
        "latitude": 37.35,
        "longitude": -121.96
    },
    {
        "code": "us-west-2",
        "name": "Oregon",
        "area": "US West",
        "latitude": 46.15,
        "longitude": -123.88
    },
    {
        "code": "af-south-1",
        "area": "Africa",
        "name": "Cape Town",
        "latitude": -33.93,
        "longitude": 18.42
    },
    {
        "code": "ap-east-1",
        "area": "Asia Pacific",
        "name": "Hong Kong",
        "latitude": 22.27,
        "longitude": 114.16
    },
    {
        "code": "ap-south-2",
        "area": "Asia Pacific",
        "name": "Hyderabad",
        "latitude": 17.361667,
        "longitude": 78.474722
    },
    {
        "code": "ap-southeast-3",
        "area": "Asia Pacific",
        "name": "Jakarta",
        "latitude": -6.1944,
        "longitude": 106.9229
    },
    {
        "code": "ap-southeast-4",
        "area": "Asia Pacific",
        "name": "Melbourne",
        "latitude": -37.814167,
        "longitude": 144.963056
    },
    {
        "code": "ap-south-1",
        "area": "Asia Pacific",
        "name": "Mumbai",
        "latitude": 19.08,
        "longitude": 72.88
    },
    {
        "code": "ap-northeast-3",
        "name": "Osaka",
        "area": "Asia Pacific",
        "latitude": 34.69,
        "longitude": 135.49
    },
    {
        "code": "ap-northeast-2",
        "area": "Asia Pacific",
        "name": "Seoul",
        "latitude": 37.56,
        "longitude": 126.98
    },
    {
        "code": "ap-southeast-1",
        "area": "Asia Pacific",
        "name": "Singapore",
        "latitude": 1.37,
        "longitude": 103.8
    },
    {
        "code": "ap-southeast-2",
        "name": "Sydney",
        "area": "Asia Pacific",
        "latitude": -33.86,
        "longitude": 151.2
    },
    {
        "code": "ap-northeast-1",
        "name": "Tokyo",
        "area": "Asia Pacific",
        "latitude": 35.41,
        "longitude": 139.42
    },
    {
        "code": "ca-central-1",
        "name": "Canada Central",
        "area": "Canada",
        "latitude": 45.5,
        "longitude": -73.6
    },
    {
        "code": "ca-west-1",
        "name": "Canada West",
        "area": "Canada",
        "latitude": 51.05011,
        "longitude": -114.08529
    },
    {
        "code": "eu-central-1",
        "name": "Frankfurt",
        "area": "Europe",
        "latitude": 50,
        "longitude": 8
    },
    {
        "code": "eu-west-1",
        "name": "Ireland",
        "area": "Europe",
        "latitude": 53,
        "longitude": -8
    },
    {
        "code": "eu-west-2",
        "name": "London",
        "area": "Europe",
        "latitude": 51,
        "longitude": -0.1
    },
    {
        "code": "eu-south-1",
        "name": "Milan",
        "area": "Europe",
        "latitude": 45.466944,
        "longitude": 9.19
    },
    {
        "code": "eu-west-3",
        "name": "Paris",
        "area": "Europe",
        "latitude": 48.86,
        "longitude": 2.35
    },
    {
        "code": "eu-south-2",
        "name": "Spain",
        "area": "Europe",
        "latitude": 40.433333,
        "longitude": -3.7
    },
    {
        "code": "eu-north-1",
        "name": "Stockholm",
        "area": "Europe",
        "latitude": 59.25,
        "longitude": 17.81
    },
    {
        "code": "eu-central-2",
        "name": "Zurich",
        "area": "Europe",
        "latitude": 47.374444,
        "longitude": 8.541111
    },
    {
        "code": "me-south-1",
        "name": "Bahrain",
        "area": "Middle East",
        "latitude": 26.1,
        "longitude": 50.46
    },
    {
        "code": "me-central-1",
        "name": "UAE",
        "area": "Middle East",
        "latitude": 24.466667,
        "longitude": 54.366667
    },
    {
        "code": "sa-east-1",
        "name": "São Paulo",
        "area": "South America",
        "latitude": -23.34,
        "longitude": -46.38
    },
    {
        "code": "il-central-1",
        "name": "Tel Aviv",
        "area": "Israel",
        "latitude": 32.08,
        "longitude": 34.78
    }
]